frame_nr;sampler_ratio;original_size;encoded_size;encoding_time
0;60;2186850;177300;16
1;60;2181510;175517;16
2;60;2173710;174832;18
3;60;2174700;174455;17
4;60;2163315;170795;15
5;60;2155050;172305;17
6;60;2140980;171360;16
7;60;2149005;173278;15
8;60;2142120;172938;18
9;60;2151375;172162;16
10;60;2151465;171735;16
11;60;2162265;172270;16
12;60;2157225;173676;17
13;60;2169660;173717;16
14;60;2172600;174316;16
15;60;2160465;163872;15
16;60;2154975;174526;15
17;60;2137875;173553;15
18;60;2125935;173716;15
19;60;2115705;169595;17
20;60;2119890;168951;15
21;60;2107350;168313;15
22;60;2104590;166831;15
23;60;2106390;168313;16
24;60;2100510;167266;15
25;60;2107080;169073;15
26;60;2104740;168822;24
27;60;2106225;168032;15
28;60;2114115;169486;16
29;60;2106915;170504;15
30;60;2110680;169758;15
31;60;2114670;170204;15
32;60;2140335;172950;16
33;60;2148870;173471;16
34;60;2179155;177686;17
35;60;2197680;181105;17
36;60;2236770;185060;17
37;60;2259375;187709;20
38;60;2282085;189429;17
39;60;2306685;190392;19
40;60;2296350;190897;18
41;60;2294745;189859;20
42;60;2289045;189089;17
43;60;2277780;190247;18
44;60;2273175;187360;17
45;60;2271105;189136;17
46;60;2267475;188088;17
47;60;2276190;188344;17
48;60;2272065;189095;17
49;60;2275635;188435;17
50;60;2258175;187697;17
51;60;2249130;186000;18
52;60;2225145;184260;18
53;60;2216850;184860;17
54;60;2216745;185963;17
55;60;2227935;185213;17
56;60;2230410;184928;19
57;60;2238645;186251;18
58;60;2229540;186129;17
59;60;2212875;184226;18
60;60;2231745;184550;17
61;60;2224035;184402;17
62;60;2228190;184498;17
63;60;2218440;185016;17
64;60;2214690;185242;16
65;60;2212620;183006;17
66;60;2190750;182365;17
67;60;2173350;179838;17
68;60;2181870;178347;17
69;60;2170365;179232;16
70;60;2158890;179087;16
71;60;2168730;178183;16
72;60;2164740;179522;16
73;60;2187045;181065;17
74;60;2184075;180812;16
75;60;2168220;178467;16
76;60;2163675;178720;16
77;60;2150415;178363;16
78;60;2161515;178146;18
79;60;2168670;180277;19
80;60;2171715;180835;16
81;60;2168025;180900;16
82;60;2165595;178848;16
83;60;2143770;177404;16
84;60;2138250;175825;16
85;60;2162670;176975;16
86;60;2162130;178071;16
87;60;2179065;179709;16
88;60;2192805;182208;17
89;60;2221110;183611;19
90;60;2219220;184460;17
91;60;2227665;185144;18
92;60;2220375;183406;17
93;60;2216280;185078;17
94;60;2221845;182881;16
95;60;2216400;183331;18
96;60;2214765;184317;17
97;60;2237370;183626;17
98;60;2268900;187563;17
99;60;2283870;189303;19
100;60;2298000;189465;18
101;60;2295195;190041;17
102;60;2286555;189678;18
103;60;2275680;189323;17
104;60;2251425;188873;17
105;60;2245110;188300;17
106;60;2224035;186361;17
107;60;2216070;187636;17
108;60;2224320;187991;19
109;60;2236980;189004;17
110;60;2217765;187533;17
111;60;2235255;187265;18
112;60;2223150;187107;17
113;60;2227725;185998;17
114;60;2228490;188165;17
115;60;2219025;186618;18
116;60;2229780;187315;18
117;60;2226540;185079;20
118;60;2218410;174588;17
119;60;2211915;185390;17
120;60;2225400;186557;19
121;60;2223300;185746;18
122;60;2216220;181775;17
123;60;2200035;180150;25
124;60;2152920;176154;16
125;60;2151510;174842;16
126;60;2145885;175157;17
127;60;2151885;175702;16
128;60;2142000;175387;16
129;60;2148150;177100;16
130;60;2147535;177311;16
131;60;2175285;177105;16
132;60;2154150;177779;16
133;60;2153610;176118;16
134;60;2137830;174461;16
135;60;2143605;175677;16
136;60;2165625;177255;17
137;60;2155740;178674;16
138;60;2170335;177756;16
139;60;2149710;176396;16
140;60;2156385;175436;17
141;60;2143485;176491;16
142;60;2156220;176743;17
143;60;2159070;177904;16
144;60;2161470;177485;18
145;60;2172345;178361;18
146;60;2159880;178499;26
147;60;2171775;178041;16
148;60;2154525;176018;18
149;60;2143680;174278;16
150;60;2152170;173979;16
151;60;2128410;171516;17
152;60;2133615;171100;17
153;60;2141190;171535;17
154;60;2136345;159935;16
155;60;2148765;172282;17
156;60;2137065;171994;17
157;60;2146110;171992;19
158;60;2164065;173168;16
159;60;2144415;172366;21
160;60;2162490;172596;16
161;60;2152635;172352;16
162;60;2147940;171561;16
163;60;2145945;171658;18
164;60;2141415;172914;18
165;60;2150295;173633;17
166;60;2152185;174242;18
167;60;2141040;174548;16
168;60;2149050;175261;16
169;60;2153070;175087;16
170;60;2156880;175441;16
171;60;2150955;175409;16
172;60;2142900;174777;16
173;60;2152905;174407;17
174;60;2146995;173669;16
175;60;2146050;174218;16
176;60;2152080;174406;16
177;60;2164080;175393;16
178;60;2153475;173343;16
179;60;2151135;174362;16
180;60;2144955;173255;17
181;60;2145795;174401;16
182;60;2124840;170414;16
183;60;2124195;170144;16
184;60;2126505;168303;16
185;60;2122140;170289;16
186;60;2120625;169099;16
187;60;2124525;170611;16
188;60;2127855;170630;16
189;60;2122035;170623;16
190;60;2121765;170952;23
191;60;2121975;169787;20
192;60;2119470;169483;16
193;60;2117220;170421;16
194;60;2115705;170403;16
195;60;2126145;169936;16
196;60;2126625;171234;15
197;60;2133000;172473;17
198;60;2133390;171931;16
199;60;2130765;172106;15
200;60;2126385;172434;16
201;60;2134635;172597;16
202;60;2129520;172343;19
203;60;2115630;171192;15
204;60;2112480;169888;16
205;60;2091150;168695;16
206;60;2099235;169605;16
207;60;2109270;169597;16
208;60;2109690;169835;19
209;60;2114400;170067;16
210;60;2104710;169143;17
211;60;2100660;168521;16
212;60;2095935;168159;16
213;60;2098515;169844;16
214;60;2097600;168802;15
215;60;2098875;168920;15
216;60;2107650;168798;16
217;60;2112240;169831;16
218;60;2109915;169610;16
219;60;2107725;169892;16
220;60;2097690;169795;16
221;60;2099955;168326;16
222;60;2104530;168704;15
223;60;2096760;168248;15
224;60;2094510;167580;16
225;60;2091045;169334;15
226;60;2095350;168467;16
227;60;2095410;157598;15
228;60;2107470;169058;15
229;60;2092665;169236;16
230;60;2093430;169175;15
231;60;2088570;170114;16
232;60;2094510;170229;15
233;60;2110065;170590;15
234;60;2107395;170441;15
235;60;2110830;171156;16
236;60;2114445;171112;15
237;60;2109390;169459;15
238;60;2104890;167997;15
239;60;2103450;168113;15
240;60;2093430;167742;15
241;60;2089530;167478;17
242;60;2095380;167536;16
243;60;2098275;169607;15
244;60;2105475;169559;16
245;60;2093895;169074;16
246;60;2105625;168201;16
247;60;2100885;167676;15
248;60;2107935;169440;16
249;60;2119380;170319;16
250;60;2116950;171831;16
251;60;2116560;172263;16
252;60;2150955;176012;16
253;60;2156940;177368;19
254;60;2172555;178068;19
255;60;2211255;182293;19
256;60;2246265;184615;20
257;60;2252625;186398;19
258;60;2259720;187406;18
259;60;2265120;188082;17
260;60;2256750;187683;18
261;60;2250330;186788;17
262;60;2247420;185903;18
263;60;2232015;184712;19
264;60;2242395;185846;17
265;60;2244675;184949;17
266;60;2254830;186169;16
267;60;2245770;186758;17
268;60;2231685;184410;17
269;60;2228775;184266;17
270;60;2213145;182146;17
271;60;2197590;182039;16
272;60;2192760;182085;22
273;60;2181825;179548;16
274;60;2179065;179537;17
275;60;2172525;177596;19
276;60;2167170;178920;16
277;60;2182260;179590;17
278;60;2175330;179796;16
279;60;2196960;180385;16
280;60;2195505;180922;16
281;60;2224035;182068;17
282;60;2224845;184407;17
283;60;2231430;184452;17
284;60;2236785;186191;17
285;60;2230605;186136;18
286;60;2226225;184357;18
287;60;2237610;185431;19
288;60;2261670;188383;17
289;60;2257680;187904;17
290;60;2263185;187256;16
291;60;2250900;189351;18
292;60;2254320;188533;17
293;60;2249715;187466;17
294;60;2251020;187338;18
295;60;2254560;188220;20
296;60;2249490;186831;17
297;60;2233005;185285;20
298;60;2224545;184439;18
299;60;2231370;184920;17
300;60;2233980;184048;16
301;60;2223450;182520;17
302;60;2216985;170093;16
303;60;2211840;182309;16
304;60;2209800;183097;18
305;60;2212320;183551;18
306;60;2233185;185112;17
307;60;2254710;188167;19
308;60;2250555;188058;17
309;60;2253795;188339;18
310;60;2251290;187932;17
311;60;2253180;188262;17
312;60;2265375;189802;17
313;60;2256735;189826;17
314;60;2251890;188679;17
315;60;2266020;178172;18
316;60;2264640;191503;17
317;60;2282805;192306;18
318;60;2304030;193672;18
319;60;2292135;193098;17
320;60;2299800;192605;17
321;60;2279745;191702;17
322;60;2297745;193114;17
323;60;2280015;192716;18
324;60;2278335;192285;18
325;60;2280045;191365;17
326;60;2300970;192959;17
327;60;2312955;194945;17
328;60;2301390;193791;17
329;60;2293410;192978;19
330;60;2258265;188359;17
331;60;2250465;185788;17
332;60;2261175;187717;17
333;60;2263020;188075;17
334;60;2238645;188204;17
335;60;2225910;187727;17
336;60;2243280;189430;17
337;60;2250165;189143;18
338;60;2240715;189212;20
339;60;2242200;189756;19
340;60;2250450;190458;17
341;60;2249175;189765;17
342;60;2246505;188649;18
343;60;2248260;189937;17
344;60;2259600;189952;18
345;60;2253750;190722;17
346;60;2255625;190048;18
347;60;2263740;189819;16
348;60;2257095;190221;17
349;60;2257335;190086;17
350;60;2246010;189979;16
351;60;2238555;190458;17
352;60;2243970;188761;18
353;60;2240190;188597;18
354;60;2239890;188788;17
355;60;2250465;188811;17
356;60;2237160;189077;17
357;60;2240280;188851;17
358;60;2239605;189325;17
359;60;2233080;188744;17
360;60;2245365;188690;18
361;60;2239200;187860;17
362;60;2242395;188009;17
363;60;2237310;189409;17
364;60;2249055;188714;17
365;60;2262375;191313;17
366;60;2250885;188561;17
367;60;2278650;189272;17
368;60;2252850;188083;18
369;60;2232090;187651;17
370;60;2209740;186485;16
371;60;2232060;187500;17
372;60;2232480;187732;17
373;60;2224830;174022;17
374;60;2238960;188834;17
375;60;2243790;188948;17
376;60;2237895;188835;18
377;60;2248365;189710;17
378;60;2256930;190339;18
379;60;2242035;187452;17
380;60;2232270;187428;18
381;60;2234520;187057;17
382;60;2225175;186980;17
383;60;2211765;185292;17
384;60;2209005;185660;18
385;60;2230800;187529;17
386;60;2227380;186763;16
387;60;2219805;187246;17
388;60;2228700;188021;17
389;60;2243850;188404;20
390;60;2231055;188891;17
391;60;2251725;188708;17
392;60;2234715;187034;17
393;60;2232615;187847;18
394;60;2239230;186981;17
395;60;2246730;188719;17
396;60;2244315;185633;17
397;60;2208300;185342;18
398;60;2253615;187963;17
399;60;2274300;190125;17
400;60;2279370;190694;17
401;60;2306835;193043;17
402;60;2306505;193348;17
403;60;2312625;192938;17
404;60;2304135;192021;17
405;60;2302035;192692;18
406;60;2280615;191241;18
407;60;2292000;191804;17
408;60;2296335;191327;17
409;60;2311035;191820;17
410;60;2298465;193230;17
411;60;2310600;194188;17
412;60;2308680;192586;17
413;60;2311125;191223;20
414;60;2298915;190436;18
415;60;2295255;190527;17
416;60;2284245;191242;18
417;60;2249940;187037;17
418;60;2218965;185602;17
419;60;2236875;187129;17
420;60;2228670;174394;18
421;60;2226915;188228;18
422;60;2222250;186036;18
423;60;2222325;186703;20
424;60;2205465;186616;16
425;60;2206890;184647;17
426;60;2213190;184732;19
427;60;2208855;184570;17
428;60;2214645;185828;17
429;60;2225460;186753;16
430;60;2225550;187138;16
431;60;2215605;185240;17
432;60;2214105;183366;17
433;60;2215290;185083;17
434;60;2190630;184173;18
435;60;2195670;182948;17
436;60;2192355;184434;17
437;60;2207955;183666;17
438;60;2227035;186141;17
439;60;2231820;186567;17
440;60;2236290;187932;17
441;60;2231715;187028;17
442;60;2236755;185972;17
443;60;2220390;185606;17
444;60;2215485;187159;17
445;60;2217465;185686;17
446;60;2217915;184927;17
447;60;2212860;186349;18
448;60;2242140;187811;16
449;60;2246385;188367;17
450;60;2256900;189330;17
451;60;2267070;189983;18
452;60;2275875;189692;18
453;60;2270295;188537;16
454;60;2279370;188932;17
455;60;2277180;189209;22
456;60;2273055;188591;17
457;60;2263245;189257;17
458;60;2240115;188775;18
459;60;2229210;187056;16
460;60;2224245;187137;17
461;60;2223420;186261;17
462;60;2233305;188529;20
463;60;2231430;187894;17
464;60;2246160;188995;19
465;60;2213490;187604;16
466;60;2240175;187743;17
467;60;2214390;186437;16
468;60;2217840;187544;25
469;60;2236785;188303;17
470;60;2230020;188586;17
471;60;2236770;189090;17
472;60;2229480;188630;17
473;60;2238255;187806;17
474;60;2242350;188084;18
475;60;2235465;187807;18
476;60;2241090;188457;17
477;60;2240205;187472;17
478;60;2242230;187278;17
479;60;2241210;187707;18
480;60;2236740;188463;20
481;60;2242170;189438;17
482;60;2252910;189671;29
483;60;2231265;187482;17
484;60;2235255;188211;17
485;60;2230785;188712;17
486;60;2239560;187941;17
487;60;2238300;188037;17
488;60;2251950;189562;18
489;60;2238375;188786;17
490;60;2242440;188442;17
491;60;2240370;188870;16
492;60;2224965;188426;16
493;60;2233905;188109;23
494;60;2247900;187399;20
495;60;2227170;188709;19
496;60;2237400;187857;17
497;60;2233515;188990;18
498;60;2240760;188144;16
499;60;2247120;189496;17
500;60;2236140;188465;17
501;60;2236785;190058;16
502;60;2228985;188960;17
503;60;2240625;190220;22
504;60;2234715;189480;20
505;60;2245845;189231;17
506;60;2251920;190344;18
507;60;2248635;189313;17
508;60;2248050;187121;17
509;60;2241705;187618;17
510;60;2238930;186578;16
511;60;2234235;184273;17
512;60;2199075;182899;17
513;60;2195550;180555;17
514;60;2165580;178667;17
515;60;2158950;179189;16
516;60;2153895;175856;15
517;60;2145450;176387;15
518;60;2135760;176900;15
519;60;2129235;174021;15
520;60;2123190;173871;15
521;60;2097405;171791;15
522;60;2115915;172542;16
523;60;2111415;171628;17
524;60;2099430;170845;17
525;60;2089215;169792;15
526;60;2106900;171334;16
527;60;2104560;170393;15
528;60;2090730;169919;15
529;60;2086800;169292;15
530;60;2101950;169891;15
531;60;2090640;169362;15
532;60;2097000;169510;15
533;60;2099145;170435;15
534;60;2106915;171390;19
535;60;2095050;170270;15
536;60;2103300;169820;15
537;60;2092590;169872;15
538;60;2101770;169246;15
539;60;2102430;168837;16
540;60;2096145;168195;16
541;60;2093220;169366;16
542;60;2088870;168554;15
543;60;2084775;168025;15
544;60;2083275;166253;15
545;60;2074620;166116;15
546;60;2075235;164971;17
547;60;2075265;165266;16
548;60;2081145;166809;18
549;60;2077440;165840;15
550;60;2073000;165322;16
551;60;2080410;165801;18
552;60;2081940;166224;15
553;60;2092170;165996;15
554;60;2090355;165652;15
555;60;2081415;166066;15
556;60;2089365;167149;16
557;60;2089200;168044;15
558;60;2090115;167560;15
559;60;2094255;156616;16
560;60;2100225;169196;15
561;60;2112360;169478;17
562;60;2114400;169361;15
563;60;2097075;169694;20
564;60;2092500;168446;17
565;60;2102250;169173;15
566;60;2104470;168887;15
567;60;2096340;167780;15
568;60;2099865;168393;17
569;60;2094225;167751;15
570;60;2087085;156356;15
571;60;2095470;168339;15
572;60;2109285;168133;15
573;60;2107140;169283;15
574;60;2096265;168072;15
575;60;2090355;168713;16
576;60;2098575;168558;16
577;60;2104380;167602;15
578;60;2080590;166812;14
579;60;2086575;166828;15
580;60;2088945;167205;15
581;60;2087460;167328;15
582;60;2085675;167622;16
583;60;2080575;166660;14
584;60;2090385;168105;15
585;60;2095890;167065;15
586;60;2088060;166397;15
587;60;2099655;166105;18
588;60;2086005;165660;15
589;60;2087955;165822;16
590;60;2089710;166182;15
591;60;2085375;166393;15
592;60;2078535;165313;15
593;60;2085510;166963;15
594;60;2085645;166442;15
595;60;2082990;168019;20
596;60;2078640;167316;23
597;60;2082525;167021;15
598;60;2086710;166050;16
599;60;2072565;166752;15
600;60;2076870;166395;15
601;60;2076090;164295;15
602;60;2056485;164480;15
603;60;2056815;163802;15
604;60;2069070;165637;15
605;60;2077695;164587;15
606;60;2066775;153157;16
607;60;2055120;164885;14
608;60;2055000;163535;15
609;60;2061405;164445;15
610;60;2054625;164273;15
611;60;2065260;163933;23
612;60;2059260;164175;15
613;60;2056335;163891;15
614;60;2070615;164383;16
615;60;2063070;164439;16
616;60;2071650;166040;16
617;60;2068575;165471;15
618;60;2083260;164629;15
619;60;2051190;163888;15
620;60;2072475;164450;15
621;60;2061765;165409;15
622;60;2070345;163727;15
623;60;2053515;162859;16
624;60;2050140;163175;27
625;60;2054790;163927;16
626;60;2048850;163256;15
627;60;2059725;163910;18
628;60;2070930;164520;15
629;60;2056740;164925;15
630;60;2073840;166480;15
631;60;2071335;154595;15
632;60;2071290;166386;17
633;60;2086260;166588;15
634;60;2077740;166409;20
635;60;2086590;167739;15
636;60;2074140;166232;15
637;60;2064930;165855;15
638;60;2067795;165073;15
639;60;2078820;165416;15
640;60;2062740;163568;15
641;60;2056515;163656;15
642;60;2060520;163105;15
643;60;2061420;163848;15
644;60;2069010;164719;15
645;60;2070690;152842;14
646;60;2068155;164383;14
647;60;2060625;163419;14
648;60;2061510;164146;15
649;60;2064315;164815;15
650;60;2071980;165174;15
651;60;2067705;164555;16
652;60;2067165;164183;15
653;60;2078385;165958;15
654;60;2075805;166738;16
655;60;2082495;165259;16
656;60;2071410;165376;15
657;60;2080890;165691;15
658;60;2054295;165381;15
659;60;2069295;164417;15
660;60;2069445;164880;15
661;60;2069535;165228;15
662;60;2080530;165161;15
663;60;2076135;165748;15
664;60;2071215;166074;15
665;60;2072580;165434;15
666;60;2081475;166773;14
667;60;2068950;166160;16
668;60;2080860;154871;15
669;60;2078580;166750;15
670;60;2087280;165992;16
671;60;2077770;166097;15
672;60;2084295;166073;15
673;60;2085540;166213;15
674;60;2095650;165419;16
675;60;2100675;166384;15
676;60;2092350;165368;15
677;60;2057535;164382;15
678;60;2062275;164735;15
679;60;2067465;163643;15
680;60;2061555;162505;14
681;60;2069880;164434;15
682;60;2078295;163415;15
683;60;2065065;164707;15
684;60;2070555;164804;16
685;60;2066595;163920;16
686;60;2062230;164338;15
687;60;2067225;165054;16
688;60;2075055;165291;15
689;60;2082045;165724;17
690;60;2080125;165400;15
691;60;2075130;166293;15
692;60;2065260;165122;15
693;60;2070420;165605;15
694;60;2057670;163375;14
695;60;2056800;163643;15
696;60;2058615;161997;15
697;60;2059800;163123;14
698;60;2060895;163115;16
699;60;2062380;163495;15
700;60;2060265;164048;14
701;60;2053200;164335;15
702;60;2055645;163582;14
703;60;2053590;162597;19
704;60;2066205;164725;15
705;60;2071335;164723;15
706;60;2068680;153102;18
707;60;2061315;165161;15
708;60;2072085;165841;22
709;60;2079465;166575;15
710;60;2069535;165215;15
711;60;2079255;165693;15
712;60;2070750;165415;15
713;60;2078955;166021;20
714;60;2065665;165209;17
715;60;2061945;164670;15
716;60;2063160;163787;15
717;60;2074245;164888;16
718;60;2066025;163717;15
719;60;2059710;163191;15
720;60;2064675;164200;16
721;60;2065005;163946;15
722;60;2065770;164149;19
723;60;2054655;163787;14
724;60;2067555;164341;16
725;60;2067870;164841;15
726;60;2066130;164359;16
727;60;2075040;165449;16
728;60;2063595;163992;15
729;60;2063340;165440;15
730;60;2071275;165655;15
731;60;2072025;164518;17
732;60;2071695;166367;16
733;60;2065515;165409;20
734;60;2065080;165009;15
735;60;2064375;165143;16
736;60;2059890;164531;15
737;60;2061810;164490;16
738;60;2062425;163365;15
739;60;2057850;164534;15
740;60;2055165;164776;15
741;60;2050485;165456;15
742;60;2056905;163085;15
743;60;2058255;164721;14
744;60;2053740;165422;15
745;60;2068710;166844;16
746;60;2074050;165476;15
747;60;2065095;165737;15
748;60;2062200;165379;16
749;60;2074155;165909;15
750;60;2078235;165303;16
751;60;2066595;163938;15
752;60;2083260;164944;16
753;60;2084640;164954;15
754;60;2075970;164548;15
755;60;2072580;164630;15
756;60;2082570;163950;15
757;60;2089920;164643;15
758;60;2072670;165614;16
759;60;2070375;164506;16
760;60;2086395;165723;15
761;60;2065710;163931;17
762;60;2082375;164241;17
763;60;2072745;164796;15
764;60;2066040;163960;15
765;60;2077590;163943;20
766;60;2065515;164214;16
767;60;2062245;164625;15
768;60;2069820;164927;15
769;60;2073600;164592;15
770;60;2072535;166198;16
771;60;2062635;163965;15
772;60;2071290;163821;15
773;60;2057100;163725;15
774;60;2061675;164318;15
775;60;2067915;165076;20
776;60;2070915;164482;16
777;60;2063070;152864;15
778;60;2060730;163948;16
779;60;2069160;165243;16
780;60;2060565;163937;17
781;60;2048700;163897;15
782;60;2059560;166285;15
783;60;2068455;166182;16
784;60;2069760;165769;15
785;60;2060505;163155;16
786;60;2071680;164071;15
787;60;2073990;164463;16
788;60;2060685;162652;14
789;60;2062215;163272;14
790;60;2075190;164443;15
791;60;2067600;163734;16
792;60;2076930;164299;15
793;60;2062920;163563;15
794;60;2067630;164625;15
795;60;2067960;164426;15
796;60;2074185;164210;16
797;60;2073315;164960;15
798;60;2067210;164092;15
799;60;2069115;153293;15
800;60;2068305;166109;15
801;60;2069805;165533;17
802;60;2074335;165220;15
803;60;2065980;164434;15
804;60;2064375;164976;16
805;60;2070195;154745;15
806;60;2068365;164983;16
807;60;2071050;165313;17
808;60;2060295;163070;16
809;60;2056515;164356;15
810;60;2057880;162609;15
811;60;2051925;163778;14
812;60;2054565;163157;16
813;60;2058750;151287;14
814;60;2052390;164471;15
815;60;2045160;162478;15
816;60;2052735;163446;15
817;60;2054535;162474;15
818;60;2072070;163430;15
819;60;2062410;153924;16
820;60;2067585;165506;18
821;60;2068935;164416;15
822;60;2081640;165002;16
823;60;2078010;165876;15
824;60;2071815;164542;17
825;60;2063040;163361;15
826;60;2077440;165047;16
827;60;2064225;164346;15
828;60;2073840;164166;15
829;60;2067930;165773;16
830;60;2075865;164748;15
831;60;2064345;163756;15
832;60;2072610;164811;16
833;60;2071410;165056;18
834;60;2072820;166213;15
835;60;2063820;164996;16
836;60;2081280;164888;14
837;60;2070030;165446;15
838;60;2071065;153162;17
839;60;2069145;164557;15
840;60;2079195;165231;15
841;60;2083890;165047;15
842;60;2075115;165247;15
843;60;2075670;165255;15
844;60;2075535;164924;15
845;60;2071665;164541;15
846;60;2056290;165055;15
847;60;2053305;163040;14
848;60;2067405;162860;16
849;60;2064255;163594;14
850;60;2058900;163014;14
851;60;2057730;162240;15
852;60;2052135;162545;14
853;60;2050035;161957;15
854;60;2058675;162634;14
855;60;2049015;162998;21
856;60;2059035;163768;15
857;60;2061390;163846;14
858;60;2067000;164559;15
859;60;2077785;165812;17
860;60;2080920;164518;15
861;60;2084205;165868;18
862;60;2088945;167868;15
863;60;2089275;166276;15
864;60;2094840;167693;16
865;60;2076285;165706;16
866;60;2087550;165818;15
867;60;2086995;166452;16
868;60;2083095;165550;15
869;60;2084850;166280;14
870;60;2090850;167111;16
871;60;2093100;166901;16
872;60;2097225;166383;15
873;60;2093145;166552;18
874;60;2099820;167761;15
875;60;2111940;169112;16
876;60;2136585;171770;18
877;60;2165445;164216;16
878;60;2182620;177155;23
879;60;2186235;178775;16
880;60;2204055;180203;23
881;60;2204400;181708;16
882;60;2220585;180907;19
883;60;2218290;180444;16
884;60;2220825;181800;17
885;60;2220555;169603;16
886;60;2212545;180753;16
887;60;2215905;180349;16
888;60;2212680;180589;17
889;60;2216355;179090;17
890;60;2209230;168891;16
891;60;2203560;181438;17
892;60;2203935;180265;19
893;60;2194035;167651;16
894;60;2192895;179307;17
895;60;2175825;164988;16
896;60;2166225;176544;17
897;60;2163645;177328;16
898;60;2174535;177559;17
899;60;2167740;177404;16
900;60;2166045;177107;17
901;60;2164650;176445;16
902;60;2156430;176451;16
903;60;2174910;177712;16
904;60;2160900;177427;17
905;60;2174970;178309;16
906;60;2181375;177411;18
907;60;2172255;178501;17
908;60;2165175;177944;16
909;60;2132835;175453;15
910;60;2125140;175299;16
911;60;2114250;172176;17
912;60;2115570;172370;15
913;60;2110455;171573;16
914;60;2112735;172747;16
915;60;2125365;173062;17
916;60;2134215;174427;16
917;60;2147145;175668;17
918;60;2144175;174269;15
919;60;2134095;173993;15
920;60;2126775;172921;15
921;60;2135025;171167;16
922;60;2133060;173599;17
923;60;2150565;174449;16
924;60;2160510;176243;16
925;60;2173740;179074;16
926;60;2186175;179724;17
927;60;2182515;179082;16
928;60;2181255;179382;16
929;60;2193990;179374;17
930;60;2220615;181303;16
931;60;2237250;182929;17
932;60;2238525;182816;17
933;60;2222745;185193;17
934;60;2196810;180886;16
935;60;2213895;184514;16
936;60;2209185;183808;16
937;60;2199780;183748;17
938;60;2200650;182571;18
939;60;2197710;182518;17
940;60;2197710;183909;16
941;60;2195790;182255;18
942;60;2199570;182474;16
943;60;2196540;183377;17
944;60;2192580;181774;16
945;60;2202720;182149;16
946;60;2193420;181187;16
947;60;2204925;184161;16
948;60;2190315;182051;17
949;60;2189865;183797;17
950;60;2186400;183520;18
951;60;2181555;183127;17
952;60;2208270;183296;17
953;60;2203530;182964;17
954;60;2191830;182939;17
955;60;2203845;184858;22
956;60;2188830;183123;19
957;60;2199270;171745;16
958;60;2197890;185905;18
959;60;2202450;183721;19
960;60;2203005;184304;18
961;60;2188620;182927;19
962;60;2194755;183340;17
963;60;2202300;181842;16
964;60;2179215;180078;16
965;60;2190195;181154;16
966;60;2236545;186287;16
967;60;2262450;188768;17
968;60;2267220;189122;17
969;60;2275530;189413;19
970;60;2279385;187977;17
971;60;2279910;189557;16
972;60;2271705;189691;18
973;60;2270970;188442;19
974;60;2281335;189322;17
975;60;2280540;190510;17
976;60;2283750;190328;17
977;60;2284530;190338;16
978;60;2286045;191366;16
979;60;2280660;190269;17
980;60;2269620;177441;18
981;60;2265000;187984;17
982;60;2258835;189483;17
983;60;2250645;186871;17
984;60;2244030;187480;17
985;60;2245335;187135;17
986;60;2250465;188649;19
987;60;2261190;188374;17
988;60;2241585;187846;17
989;60;2261880;189416;17
990;60;2253000;188843;20
991;60;2251680;188480;17
992;60;2241900;187695;16
993;60;2234370;185918;17
994;60;2227815;185180;17
995;60;2230935;185358;17
996;60;2224170;185212;17
997;60;2216415;184224;18
998;60;2214660;184999;17
999;60;2210250;185838;17
1000;60;2211525;184317;19
1001;60;2214945;172427;16
1002;60;2203170;183528;20
1003;60;2199615;185131;17
1004;60;2199720;182541;17
1005;60;2206545;184431;17
1006;60;2204850;184013;17
1007;60;2211360;184400;16
1008;60;2201205;182408;16
1009;60;2173245;179640;17
1010;60;2180550;180703;16
1011;60;2164560;179169;16
1012;60;2169585;180077;16
1013;60;2180595;180085;17
1014;60;2195970;182633;16
1015;60;2197650;182041;16
1016;60;2186145;181620;16
1017;60;2179410;180115;17
1018;60;2165535;179624;17
1019;60;2161020;178957;17
1020;60;2177700;180226;16
1021;60;2186925;182865;18
1022;60;2195010;181638;17
1023;60;2196540;181522;16
1024;60;2210595;181345;17
1025;60;2199555;180299;16
1026;60;2207460;181551;16
1027;60;2210385;181068;17
1028;60;2194500;179723;17
1029;60;2204685;182987;16
1030;60;2197590;181778;16
1031;60;2195790;181268;16
1032;60;2196480;182773;17
1033;60;2193975;183149;17
1034;60;2203350;183663;17
1035;60;2194875;181923;17
1036;60;2184585;183090;17
1037;60;2182365;183970;16
1038;60;2188050;182573;17
1039;60;2189580;182692;16
1040;60;2192775;181926;17
1041;60;2170995;180261;16
1042;60;2152095;176645;16
1043;60;2151405;175423;16
1044;60;2143695;173860;16
1045;60;2104080;168835;20
1046;60;2097225;167318;16
1047;60;2089245;167168;14
1048;60;2084475;165870;17
1049;60;2070480;163912;15
1050;60;2065095;164068;15
1051;60;2073870;163832;15
1052;60;2081325;164873;14
1053;60;2083095;166390;17
1054;60;2088540;165997;17
1055;60;2082705;164543;16
1056;60;2078625;165807;15
1057;60;2087295;166035;15
1058;60;2074200;165321;15
1059;60;2073870;166088;15
1060;60;2081820;166206;15
1061;60;2089935;166178;15
1062;60;2096670;154972;17
1063;60;2093475;166982;15
1064;60;2095800;166613;15
1065;60;2098095;167370;16
1066;60;2103585;168817;16
1067;60;2115405;168929;15
1068;60;2112420;168976;15
1069;60;2115540;168607;17
1070;60;2110515;168226;15
1071;60;2105640;167700;15
1072;60;2108475;167883;15
1073;60;2094540;166659;15
1074;60;2091975;166511;15
1075;60;2093265;167201;16
1076;60;2099730;167402;15
1077;60;2093655;166197;15
1078;60;2086830;166691;15
1079;60;2080995;165192;15
1080;60;2083065;165356;15
1081;60;2067870;166342;16
1082;60;2072355;165363;15
1083;60;2084985;166362;16
1084;60;2082855;165236;15
1085;60;2068365;164888;14
1086;60;2084115;166080;15
1087;60;2075880;165203;17
1088;60;2088825;165475;15
1089;60;2082255;165741;14
1090;60;2073900;165750;16
1091;60;2073555;165648;21
1092;60;2083410;165809;15
1093;60;2064750;165804;15
1094;60;2075085;165019;15
1095;60;2083725;164946;15
1096;60;2085255;166476;16
1097;60;2097630;166832;15
1098;60;2084610;165485;15
1099;60;2088810;165838;15
1100;60;2069145;164199;15
1101;60;2068875;163856;15
1102;60;2072040;164355;14
1103;60;2061255;163403;14
1104;60;2066130;164128;15
1105;60;2066640;164095;22
1106;60;2078055;164269;15
1107;60;2051820;163264;15
1108;60;2069940;165715;15
1109;60;2066580;164549;15
1110;60;2070795;163075;14
1111;60;2058885;163098;17
1112;60;2067960;164827;16
1113;60;2080095;164091;15
1114;60;2065950;162818;15
1115;60;2065950;163520;15
1116;60;2060115;161582;16
1117;60;2060325;163237;14
1118;60;2060880;162823;15
1119;60;2055465;163201;15
1120;60;2054385;161889;15
1121;60;2074755;163315;16
1122;60;2073030;164820;16
1123;60;2058660;163288;15
1124;60;2072340;164049;15
1125;60;2056320;162480;15
1126;60;2062800;163773;15
1127;60;2060355;163648;14
1128;60;2060385;163764;15
1129;60;2080965;164123;15
1130;60;2082765;165303;15
1131;60;2081880;165224;15
1132;60;2081415;166485;16
1133;60;2095035;168339;16
1134;60;2107515;167337;16
1135;60;2096580;168413;15
1136;60;2094570;167808;19
1137;60;2092800;166328;15
1138;60;2093685;167659;17
1139;60;2099790;167325;15
1140;60;2100735;167669;20
1141;60;2098770;167243;16
1142;60;2101275;167687;15
1143;60;2093535;166915;16
1144;60;2091720;167090;15
1145;60;2095245;167240;16
1146;60;2098935;168605;16
1147;60;2089740;167188;15
1148;60;2092485;166500;16
1149;60;2100240;168276;14
1150;60;2089335;168222;16
1151;60;2107530;167144;15
1152;60;2102415;166752;16
1153;60;2092770;166470;15
1154;60;2105625;166690;15
1155;60;2104905;167419;15
1156;60;2105145;167589;15
1157;60;2090520;166471;15
1158;60;2097330;166780;15
1159;60;2098530;167274;15
1160;60;2101230;166734;15
1161;60;2094000;165550;14
1162;60;2098620;166590;20
1163;60;2096625;168167;15
1164;60;2093970;167299;15
1165;60;2109525;168609;15
1166;60;2127150;171035;15
1167;60;2153190;175825;15
1168;60;2180790;179482;16
1169;60;2214645;184028;16
1170;60;2234670;185339;17
1171;60;2219880;184037;19
1172;60;2204910;183200;17
1173;60;2206035;182889;17
1174;60;2195880;183256;16
1175;60;2200320;183715;17
1176;60;2203080;183281;17
1177;60;2199660;183689;17
1178;60;2199045;183843;17
1179;60;2195625;183821;16
1180;60;2196495;183095;16
1181;60;2197440;182852;17
1182;60;2206260;184393;17
1183;60;2208900;183568;17
1184;60;2186970;182565;16
1185;60;2192895;181423;17
1186;60;2183610;181741;16
1187;60;2193240;182424;17
1188;60;2192430;183360;16
1189;60;2191590;169546;17
1190;60;2191845;170510;19
1191;60;2198025;183297;16
1192;60;2201640;183692;17
1193;60;2186475;182703;17
1194;60;2193780;181570;16
1195;60;2196360;181729;17
1196;60;2182545;180965;17
1197;60;2178465;180810;17
1198;60;2181375;180612;16
1199;60;2161830;177755;15
1200;60;2158875;175323;15
1201;60;2134065;173081;17
1202;60;2118915;168911;16
1203;60;2101845;167841;16
1204;60;2084175;165622;15
1205;60;2077905;164450;16
1206;60;2065170;163977;16
1207;60;2049930;162430;15
1208;60;2050665;163146;15
1209;60;2047950;162400;15
1210;60;2051100;163026;15
1211;60;2056575;162334;15
1212;60;2062035;163308;15
1213;60;2069475;163240;14
1214;60;2057940;162392;15
1215;60;2053620;163969;15
1216;60;2068680;164164;15
1217;60;2066790;166303;15
1218;60;2076330;166944;14
1219;60;2081205;166229;15
1220;60;2093700;165847;17
1221;60;2093850;167684;15
1222;60;2095035;167367;15
1223;60;2089890;167825;15
1224;60;2090160;155261;15
1225;60;2076195;164990;15
1226;60;2085270;166819;15
1227;60;2075025;165560;16
1228;60;2082630;165403;16
1229;60;2091780;166467;16
1230;60;2084025;166160;17
1231;60;2087670;165734;17
1232;60;2083140;165778;15
1233;60;2085375;165981;15
1234;60;2082090;164854;15
1235;60;2089845;165886;16
1236;60;2081055;165993;15
1237;60;2080680;156237;15
1238;60;2087670;167682;15
1239;60;2088540;168253;14
1240;60;2068080;166416;15
1241;60;2076930;165046;16
1242;60;2064720;164609;15
1243;60;2067000;163495;16
1244;60;2064585;164188;14
1245;60;2058030;162746;15
1246;60;2057220;162775;14
1247;60;2061615;161266;15
1248;60;2063205;162102;15
1249;60;2055255;163193;15
1250;60;2056650;161735;14
1251;60;2055495;161977;14
1252;60;2048565;162396;15
1253;60;2057355;162388;17
1254;60;2049180;162409;15
1255;60;2060730;163299;15
1256;60;2079750;163441;15
1257;60;2069565;164730;15
1258;60;2074275;165986;16
1259;60;2077680;166813;15
1260;60;2087385;167524;15
1261;60;2087205;167057;15
1262;60;2087235;166259;15
1263;60;2083290;166034;14
1264;60;2067060;164665;15
1265;60;2062575;162807;14
1266;60;2057220;162878;15
1267;60;2061525;163474;15
1268;60;2069565;164936;15
1269;60;2083305;165363;15
1270;60;2081880;164556;14
1271;60;2085690;164945;15
1272;60;2070990;164819;15
1273;60;2070075;165552;16
1274;60;2080440;164111;15
1275;60;2103330;170468;15
1276;60;2130030;171994;16
1277;60;2164515;176205;16
1278;60;2198970;178955;17
1279;60;2229720;170896;16
1280;60;2214750;182672;18
1281;60;2214480;181098;16
1282;60;2210640;179716;16
1283;60;2214180;180059;17
1284;60;2200290;167805;17
1285;60;2216430;182142;16
1286;60;2193195;179856;17
1287;60;2206560;180176;17
1288;60;2217570;181406;17
1289;60;2218260;181358;17
1290;60;2205615;181977;16
1291;60;2198415;178753;16
1292;60;2194845;179088;20
1293;60;2179605;177834;16
1294;60;2176800;177148;16
1295;60;2152185;176888;16
1296;60;2171205;165242;16
1297;60;2161110;177438;17
1298;60;2161515;177714;16
1299;60;2162355;178182;16
1300;60;2161770;177090;16
1301;60;2146080;178156;16
1302;60;2164545;177981;16
1303;60;2156625;177481;15
1304;60;2162100;178759;15
1305;60;2165295;178734;15
1306;60;2165280;178948;17
1307;60;2176560;178967;16
1308;60;2168175;178907;16
1309;60;2163825;177201;17
1310;60;2154990;176257;15
1311;60;2132805;174644;15
1312;60;2144910;176023;16
1313;60;2147625;176120;16
1314;60;2152305;176353;16
1315;60;2133525;176315;15
1316;60;2138565;175950;17
1317;60;2147445;177334;17
1318;60;2147205;177203;22
1319;60;2137050;175921;16
1320;60;2130000;175221;15
1321;60;2136975;176309;19
1322;60;2146140;175946;17
1323;60;2132475;177202;15
1324;60;2138685;176583;16
1325;60;2160510;177891;20
1326;60;2162130;178326;17
1327;60;2152275;178615;16
1328;60;2164635;180700;17
1329;60;2164095;179518;17
1330;60;2163540;179619;16
1331;60;2155515;177374;16
1332;60;2170215;177072;17
1333;60;2178375;178772;17
1334;60;2172675;179965;17
1335;60;2173830;179570;17
1336;60;2178360;179327;18
1337;60;2184870;180485;16
1338;60;2177295;181563;16
1339;60;2191560;183363;18
1340;60;2196585;183390;18
1341;60;2194740;183345;16
1342;60;2188005;182616;16
1343;60;2179740;182028;16
1344;60;2181975;182956;17
1345;60;2170125;180637;16
1346;60;2167650;178921;16
1347;60;2154960;177091;17
1348;60;2149725;176660;16
1349;60;2131590;172707;15
1350;60;2109900;170627;15
1351;60;2099415;171092;15
1352;60;2080110;166357;15
1353;60;2071680;165808;15
1354;60;2079105;165615;15
1355;60;2070195;166234;15
1356;60;2068620;164538;15
1357;60;2072385;164417;15
1358;60;2062200;164876;15
1359;60;2059020;163991;15
1360;60;2054715;163019;20
1361;60;2048625;164671;15
1362;60;2058120;163277;17
1363;60;2049960;162513;15
1364;60;2036685;163649;17
1365;60;2044950;162939;15
1366;60;2031495;162340;15
1367;60;2055555;164198;15
1368;60;2038515;162392;15
1369;60;2040270;162231;15
1370;60;2031690;161564;15
1371;60;2039055;160698;15
1372;60;2045655;161649;16
1373;60;2027835;160205;14
1374;60;2029125;160522;14
1375;60;2028195;159356;19
1376;60;2028735;160749;14
1377;60;2037330;160523;15
1378;60;2028885;160770;14
1379;60;2038920;161852;15
1380;60;2037045;161179;14
1381;60;2036970;162376;15
1382;60;2047680;161817;15
1383;60;2052060;163292;15
1384;60;2057475;163149;15
1385;60;2060235;163914;15
1386;60;2049225;163927;15
1387;60;2055810;163570;15
1388;60;2055405;164155;15
1389;60;2051325;165498;19
1390;60;2062485;165258;15
1391;60;2052240;164657;15
1392;60;2055030;165008;15
1393;60;2053335;164091;16
1394;60;2054475;153409;15
1395;60;2058930;166383;15
1396;60;2053590;164893;15
1397;60;2048580;165935;14
1398;60;2053035;165997;15
1399;60;2064390;166151;15
1400;60;2049150;164980;17
1401;60;2057265;165995;14
1402;60;2056545;165462;15
1403;60;2065605;167913;15
1404;60;2065440;167409;15
1405;60;2082840;169542;15
1406;60;2086425;168993;19
1407;60;2076930;167573;16
1408;60;2071410;167812;16
1409;60;2079900;168784;15
1410;60;2071680;168236;15
1411;60;2086680;168632;16
1412;60;2084640;168851;15
1413;60;2087985;168241;17
1414;60;2077470;168480;15
1415;60;2082630;169300;15
1416;60;2077620;168496;15
1417;60;2090670;169349;15
1418;60;2082540;169604;15
1419;60;2096175;168947;16
1420;60;2091840;170326;15
1421;60;2092680;169476;15
1422;60;2084205;168332;15
1423;60;2079225;168871;15
1424;60;2077650;168607;15
1425;60;2085810;168983;16
1426;60;2070630;167425;15
1427;60;2077260;168226;14
1428;60;2075310;168448;15
1429;60;2089530;167535;16
1430;60;2083530;168572;19
1431;60;2083155;168834;15
1432;60;2070930;168115;15
1433;60;2078730;168804;15
1434;60;2077260;169760;16
1435;60;2082945;170516;15
1436;60;2091735;170338;14
1437;60;2103615;160203;17
1438;60;2116770;172349;16
1439;60;2111550;173385;16
1440;60;2112975;173387;16
1441;60;2107980;172344;16
1442;60;2112570;173244;15
1443;60;2100510;172281;16
1444;60;2098950;172168;15
1445;60;2104755;171747;15
1446;60;2114340;173407;16
1447;60;2110290;172956;17
1448;60;2118960;174112;16
1449;60;2114280;173366;16
1450;60;2113335;172886;16
1451;60;2098560;172642;15
1452;60;2118045;174525;18
1453;60;2137680;176124;18
1454;60;2170530;181212;17
1455;60;2188245;182891;17
1456;60;2221515;186750;17
1457;60;2229045;187115;17
1458;60;2237970;174100;17
1459;60;2229060;186942;16
1460;60;2229330;185803;16
1461;60;2213220;184767;17
1462;60;2216820;185046;17
1463;60;2240280;186642;17
1464;60;2227965;186943;17
1465;60;2226915;185753;17
1466;60;2223705;184531;17
1467;60;2228115;185598;17
1468;60;2213925;185465;17
1469;60;2201055;184173;17
1470;60;2201220;184577;16
1471;60;2197305;184221;17
1472;60;2188560;183652;17
1473;60;2188035;182901;17
1474;60;2193705;182838;17
1475;60;2184480;182672;16
1476;60;2183850;182206;17
1477;60;2178600;181805;17
1478;60;2184930;183249;17
1479;60;2184720;181853;17
1480;60;2177520;183418;17
1481;60;2176005;170751;16
1482;60;2164860;179729;16
1483;60;2164950;179937;16
1484;60;2152230;179420;16
1485;60;2166660;180777;16
1486;60;2166690;180389;16
1487;60;2157555;180999;16
1488;60;2157585;177460;16
1489;60;2163720;180063;16
1490;60;2175030;182404;15
1491;60;2162070;181134;17
1492;60;2164380;180402;16
1493;60;2149815;178825;16
1494;60;2137995;177779;16
1495;60;2146920;178664;17
1496;60;2167770;179491;16
1497;60;2185980;183183;16
1498;60;2189775;183305;18
1499;60;2192895;182331;16
1500;60;2188080;182726;16
1501;60;2186550;181537;16
1502;60;2180850;179253;18
1503;60;2184015;179047;16
1504;60;2187720;180493;21
1505;60;2191740;180822;16
1506;60;2185680;183857;17
1507;60;2187075;183012;16
1508;60;2189040;183775;17
1509;60;2191935;182005;17
1510;60;2208825;185872;17
1511;60;2204745;187160;17
1512;60;2215815;186853;16
1513;60;2202450;186682;17
1514;60;2218965;187130;17
1515;60;2209740;186508;16
1516;60;2201205;186927;17
1517;60;2195430;185462;17
1518;60;2206200;186486;17
1519;60;2190570;185413;16
1520;60;2193405;184226;16
1521;60;2199510;183996;16
1522;60;2194470;184895;17
1523;60;2194800;184137;16
1524;60;2194185;184727;17
1525;60;2191440;184500;16
1526;60;2197500;184638;17
1527;60;2187540;182939;19
1528;60;2193045;184427;17
1529;60;2195610;185115;16
1530;60;2193420;184657;16
1531;60;2205645;183597;16
1532;60;2196330;185076;16
1533;60;2197215;185262;16
1534;60;2194980;183898;17
1535;60;2200680;186327;17
1536;60;2193135;184033;17
1537;60;2201385;184933;19
1538;60;2192925;183704;17
1539;60;2172270;181190;17
1540;60;2162565;178545;20
1541;60;2161470;179866;15
1542;60;2207355;183198;16
1543;60;2250885;187305;17
1544;60;2260530;188104;17
1545;60;2270805;189527;17
1546;60;2268195;189897;18
1547;60;2256810;187764;16
1548;60;2264160;176158;19
1549;60;2253255;186559;19
1550;60;2246145;174770;16
1551;60;2270640;188782;17
1552;60;2256495;187505;17
1553;60;2234340;186786;17
1554;60;2247030;187520;17
1555;60;2232930;185898;18
1556;60;2224275;185346;17
1557;60;2214855;185380;17
1558;60;2216595;185301;17
1559;60;2231190;185451;20
1560;60;2218170;186366;17
1561;60;2217960;185286;17
1562;60;2214615;185544;17
1563;60;2215485;185971;17
1564;60;2225295;186821;17
1565;60;2213400;187093;17
1566;60;2212470;186332;17
1567;60;2209545;185458;17
1568;60;2220210;186630;17
1569;60;2214915;186392;17
1570;60;2209260;186242;20
1571;60;2218215;185467;17
1572;60;2200140;184600;17
1573;60;2184705;184189;18
1574;60;2178150;181318;17
1575;60;2180475;181841;17
1576;60;2186535;170373;16
1577;60;2188485;172278;17
1578;60;2204700;183785;17
1579;60;2191035;184272;17
1580;60;2177625;183042;16
1581;60;2172225;182387;17
1582;60;2177190;183120;17
1583;60;2185035;181629;17
1584;60;2185515;181958;16
1585;60;2202630;184399;21
1586;60;2183025;170945;18
1587;60;2188965;181424;18
1588;60;2176020;179864;16
1589;60;2183235;181373;17
1590;60;2199720;182329;16
1591;60;2199090;183611;19
1592;60;2187540;183426;17
1593;60;2173800;183150;17
1594;60;2159535;180754;18
1595;60;2173920;180824;17
1596;60;2177295;182319;16
1597;60;2175780;183876;16
1598;60;2185425;182999;17
1599;60;2199945;185851;16
1600;60;2194605;185640;18
1601;60;2203185;185029;17
1602;60;2188185;183631;17
1603;60;2187420;183641;18
1604;60;2184540;182541;16
1605;60;2186760;184324;16
1606;60;2182605;184351;17
1607;60;2182305;183015;17
1608;60;2181225;182296;16
1609;60;2191200;183763;16
1610;60;2183370;182265;16
1611;60;2185800;183479;16
1612;60;2175105;182782;16
1613;60;2192370;184145;17
1614;60;2189805;183875;17
1615;60;2185770;182460;17
1616;60;2189265;171898;17
1617;60;2197830;182472;16
1618;60;2195370;184656;16
1619;60;2186520;184054;17
1620;60;2192265;185075;17
1621;60;2188125;184922;17
1622;60;2201895;184402;16
1623;60;2197230;184866;18
1624;60;2201100;185554;19
1625;60;2213265;186550;17
1626;60;2198955;185269;17
1627;60;2202300;186569;17
1628;60;2209620;185527;16
1629;60;2202870;185691;19
1630;60;2210070;186501;17
1631;60;2223360;187291;19
1632;60;2223420;186723;16
1633;60;2228475;188021;17
1634;60;2214135;185713;17
1635;60;2211435;186432;17
1636;60;2237775;188195;17
1637;60;2238960;186777;17
1638;60;2222385;186588;17
1639;60;2213985;186604;17
1640;60;2232690;187510;17
1641;60;2217675;187584;17
1642;60;2224455;187508;18
1643;60;2217780;187013;17
1644;60;2220300;185931;17
1645;60;2216415;186471;16
1646;60;2217855;187252;17
1647;60;2209605;187492;17
1648;60;2195700;184562;17
1649;60;2196600;185036;16
1650;60;2189385;184248;16
1651;60;2195280;172374;18
1652;60;2186595;184525;17
1653;60;2189295;184759;17
1654;60;2194380;184886;25
1655;60;2196135;184156;17
1656;60;2180730;183826;18
1657;60;2174910;183407;16
1658;60;2188125;183845;16
1659;60;2170320;181731;16
1660;60;2167950;167454;16
1661;60;2151090;176620;17
1662;60;2156775;178987;16
1663;60;2179890;182647;16
1664;60;2186925;183443;19
1665;60;2206920;183572;18
1666;60;2210715;186382;19
1667;60;2208135;173752;17
1668;60;2227875;186784;18
1669;60;2250345;187105;19
1670;60;2247840;188140;17
1671;60;2246235;187766;17
1672;60;2227650;187260;17
1673;60;2230440;187358;17
1674;60;2212995;186024;16
1675;60;2209905;185343;17
1676;60;2213070;187554;17
1677;60;2216385;186512;16
1678;60;2230515;187372;17
1679;60;2220945;185290;18
1680;60;2212350;184519;16
1681;60;2201235;185336;17
1682;60;2202045;184396;17
1683;60;2200845;184689;17
1684;60;2201325;184285;17
1685;60;2189055;182652;17
1686;60;2187765;184500;16
1687;60;2178540;182067;19
1688;60;2178000;182853;16
1689;60;2204235;184096;17
1690;60;2202690;185442;17
1691;60;2210670;185263;17
1692;60;2218635;186727;20
1693;60;2213070;187259;17
1694;60;2208945;186430;17
1695;60;2225835;183985;17
1696;60;2259780;187621;17
1697;60;2249010;185901;16
1698;60;2250420;185970;17
1699;60;2204250;185030;17
1700;60;2195325;184565;17
1701;60;2196090;184830;17
1702;60;2201430;184119;17
1703;60;2202900;184005;16
1704;60;2207820;185740;18
1705;60;2210745;184727;18
1706;60;2199090;185134;16
1707;60;2198025;184751;17
1708;60;2205135;186188;19
1709;60;2200170;184416;17
1710;60;2191035;184232;23
1711;60;2211675;185638;18
1712;60;2207985;185187;17
1713;60;2209425;184232;17
1714;60;2203410;184616;21
1715;60;2192835;184349;17
1716;60;2200410;184359;16
1717;60;2208555;185351;16
1718;60;2202390;184264;19
1719;60;2201175;184945;17
1720;60;2193915;184729;18
1721;60;2192520;184450;17
1722;60;2189205;183832;18
1723;60;2187870;182806;17
1724;60;2195760;185788;18
1725;60;2197275;182712;18
1726;60;2175660;182559;16
1727;60;2173860;181321;16
1728;60;2165400;180889;16
1729;60;2146725;179399;16
1730;60;2156760;177671;16
1731;60;2129430;175977;17
1732;60;2121225;174280;15
1733;60;2095920;171674;15
1734;60;2079495;168845;15
1735;60;2070525;167884;15
1736;60;2072295;167570;15
1737;60;2065515;165813;17
1738;60;2070780;164941;15
1739;60;2050365;164500;15
1740;60;2058435;163916;15
1741;60;2062695;166428;15
1742;60;2072115;166162;16
1743;60;2076525;166446;15
1744;60;2072055;166826;15
1745;60;2080860;167692;16
1746;60;2082270;166559;15
1747;60;2071410;166393;15
1748;60;2080425;156300;15
1749;60;2074770;168598;15
1750;60;2081970;168589;15
1751;60;2088045;167571;15
1752;60;2085630;168346;16
1753;60;2090250;167536;15
1754;60;2083140;166905;17
1755;60;2088660;166911;15
1756;60;2076345;165288;15
1757;60;2066445;165778;15
1758;60;2066970;165530;15
1759;60;2074410;165166;15
1760;60;2073285;165704;16
1761;60;2075355;166366;15
1762;60;2076105;166335;15
1763;60;2087880;166737;16
1764;60;2090925;166776;15
1765;60;2078085;166129;16
1766;60;2085990;169584;15
1767;60;2093850;167994;16
1768;60;2101920;168716;16
1769;60;2093370;168723;16
1770;60;2096955;167854;16
1771;60;2081130;167067;16
1772;60;2083395;164366;15
1773;60;2080290;166035;16
1774;60;2064000;165566;15
1775;60;2060550;164833;15
1776;60;2074770;154992;16
1777;60;2079075;165511;14
1778;60;2081460;166564;15
1779;60;2068515;166524;15
1780;60;2077395;165872;15
1781;60;2075850;165608;15
1782;60;2076480;165736;16
1783;60;2076855;154762;15
1784;60;2085630;166707;14
1785;60;2075850;166701;16
1786;60;2086425;166708;18
1787;60;2095365;167185;15
1788;60;2089215;166324;15
1789;60;2091735;167321;15
1790;60;2086725;165772;15
1791;60;2076630;166105;16
1792;60;2055510;164306;14
1793;60;2048130;162725;15
1794;60;2047110;162842;14
1795;60;2055435;163227;15
1796;60;2053890;152162;15
1797;60;2054910;163065;14
1798;60;2069550;164229;16
1799;60;2066115;164422;17
1800;60;2067120;165205;15
1801;60;2072895;164866;15
1802;60;2078550;164656;15
1803;60;2068380;165715;15
1804;60;2075835;167055;16
1805;60;2068620;167118;15
1806;60;2075430;165764;15
1807;60;2074365;165744;17
1808;60;2072340;164374;15
1809;60;2064810;163980;15
1810;60;2057160;164729;15
1811;60;2060265;163988;14
1812;60;2052495;163261;15
1813;60;2068530;165278;15
1814;60;2070330;165638;15
1815;60;2069475;165691;14
1816;60;2064030;165404;15
1817;60;2069505;165633;14
1818;60;2072055;165238;16
1819;60;2070705;165594;16
1820;60;2072160;154725;15
1821;60;2077380;166762;15
1822;60;2070060;166059;14
1823;60;2077185;167830;16
1824;60;2076810;166100;15
1825;60;2084520;167508;14
1826;60;2065440;166702;15
1827;60;2064510;164649;15
1828;60;2056740;163096;15
1829;60;2039730;161597;14
1830;60;2036505;161398;15
1831;60;2040645;160547;19
1832;60;2051850;160962;15
1833;60;2049405;162896;15
1834;60;2043420;162840;15
1835;60;2066790;163070;15
1836;60;2051970;162929;17
1837;60;2058885;164995;15
1838;60;2070315;165169;15
1839;60;2062230;154195;15
1840;60;2063385;165612;14
1841;60;2075595;166259;15
1842;60;2084880;166870;16
1843;60;2084940;167153;15
1844;60;2073390;167444;19
1845;60;2078025;166865;19
1846;60;2066880;164322;16
1847;60;2066265;165185;16
1848;60;2065770;164730;15
1849;60;2064945;164880;15
1850;60;2063400;163857;14
1851;60;2060760;164513;15
1852;60;2074200;164711;15
1853;60;2078070;166076;15
1854;60;2063895;165759;16
1855;60;2067495;166043;16
1856;60;2068320;165104;15
1857;60;2068635;154434;15
1858;60;2066445;164609;16
1859;60;2063730;165054;17
1860;60;2062020;166710;15
1861;60;2077425;166216;15
1862;60;2076300;166939;16
1863;60;2070690;166613;15
1864;60;2071770;166052;15
1865;60;2063025;164719;15
1866;60;2063535;163230;15
1867;60;2068050;162214;15
1868;60;2052465;161030;15
1869;60;2040885;162106;15
1870;60;2043510;162075;14
1871;60;2043405;160877;14
1872;60;2048430;161474;15
1873;60;2052960;162994;15
1874;60;2049180;161823;14
1875;60;2041080;161906;15
1876;60;2051715;162462;15
1877;60;2060535;163382;15
1878;60;2055840;164710;15
1879;60;2068545;164365;15
1880;60;2072190;165734;16
1881;60;2067765;165269;15
1882;60;2064165;164786;14
1883;60;2067150;165057;15
1884;60;2068305;165784;15
1885;60;2064480;165329;15
1886;60;2053950;163724;16
1887;60;2075475;163851;16
1888;60;2056905;163354;15
1889;60;2070780;163688;14
1890;60;2059725;164595;17
1891;60;2069145;164641;15
1892;60;2074455;164680;17
1893;60;2071860;166017;16
1894;60;2063790;164539;15
1895;60;2061765;164762;15
1896;60;2072700;165037;15
1897;60;2082570;166100;16
1898;60;2094810;168035;15
1899;60;2122350;172813;15